{"北京":["沈阳南","沈阳北","长春","珲春","长春西","佳木斯","哈尔滨西","齐齐哈尔南","大连北","通辽","吉林","青岛北","上海","杭州","曹妃甸东","曹妃甸港","秦皇岛","牡丹江","合肥","齐齐哈尔","南昌","泰州","张家口南","通化","鞍山","辽源","丹东","鸡西","敦煌","福州","温州","南阳","图们","包头","北安","烟台","乌海西","威海","昆明","加格达奇","太原","运城","韩城","大同","大连","张家界","白城","银川","乌兰浩特","满洲里","海拉尔","连云港","东营南","日照","赤峰","清河城","衡水","沙河市","石家庄","承德","德州","哈尔滨","扬州","南通","三明北","菏泽","抚顺北","二连"],"沈阳南":["北京","北京南","武汉","承德南","长春","延吉西","牛河梁","朝阳","通辽"],"沈阳北":["北京","丹东","北京南","佳木斯","宁波","苍南","重庆西","郑州东","太原南","威海","承德南","大连北","大连","通辽","牛河梁","上海","温州","成都","运城","西宁","西安","广州东","深圳","太原","天津西","绥芬河"],"长春":["北京","佳木斯","广州","乌鲁木齐","榆树","舒兰","大连北","大连","沈阳南","丹东","延吉西","珲春","蛟河西","吉林","白城","乌兰浩特","松原","公主岭","陶赖昭","西安","宁波","海拉尔","昆明","南宁","辽源","梅河口","厦门北","三亚","镇赉"],"珲春":["北京","齐齐哈尔南","青岛北","大连北","大连","长春","长春西","延吉西"],"长春西":["北京","牡丹江","北京南","上海虹桥","济南西","青岛北","长沙南","大连北","延吉西","珲春","吉林","松原"],"佳木斯":["北京","长春西","齐齐哈尔","哈尔滨","哈尔滨西","大连北","沈阳北","石家庄","前进镇","牡丹江","桦南","乌伊岭","天津","盘锦","沈阳","烟台","宝清","抚远","双鸭山","鹤岗","嫩江","同江","鹤北","七台河","锦州"],"哈尔滨西":["北京","延吉西","吉林","齐齐哈尔南","齐齐哈尔","佳木斯","大庆西","绥芬河","牡丹江","大连北","天津西","北京南","盘锦","庄河北","上海虹桥","青岛北","武汉","承德南","通辽","昆明","襄阳","重庆","赤峰","包头","海口","泰州","上海","杭州","广州东","南京"],"齐齐哈尔南":["北京","珲春","吉林","哈尔滨","哈尔滨西","齐齐哈尔","大连北","丹东","青岛北","郑州东"],"大连北":["北京","庄河北","丹东","沈阳","哈尔滨西","北京南","济南西","大庆东","牡丹江","齐齐哈尔南","绥芬河","佳木斯","齐齐哈尔","上海虹桥","西安北","武汉","承德南","长春","吉林","长春西","沈阳北","山海关","珲春","通辽","牛河梁","朝阳","鹤岗","伊春"],"通辽":["北京","哈尔滨西","长春西","大连北","沈阳","沈阳南","沈阳北","本溪","上海","赤峰","四平","库伦","昌平北","石家庄","山海关","霍林郭勒"],"兰州":["乌鲁木齐","重庆北","成都东","敦煌","玉门","陇南","杭州","上海","嘉峪关","甘谷","金昌","中川机场","兰州西","广元","陇西","武威南","干塘","兰州新区","深圳西","广州","温州","泰州","青岛北","宁波","重庆","成都","武威","长庆桥","北京西","厦门北","拉萨","张掖","银川"],"乌鲁木齐":["兰州","兰州西","哈密","鄯善北","吐鲁番北","郑州","南宁","长春","福州","伊宁","喀什","塔城","和田","克拉玛依","库尔勒","奎屯","乌苏","霍尔果斯","博尔塔拉","阿拉山口","杭州","西安","齐齐哈尔","连云港东","昆明","重庆","成都","阿克苏","阿勒泰","四棵树","准东","上海","北京西","济南","广州","深圳","汉口","吐哈","南京"],"吉林":["北京","哈尔滨西","齐齐哈尔南","佳木斯","牡丹江","北京南","大连","大连北","沈阳北","丹东","长春","蛟河西","白城","山河屯","图们","上海","重庆西","南通","通化","舒兰","沈阳"],"延吉西":["哈尔滨西","丹东","大连北","长春","长春西","珲春"],"牡丹江":["长春","吉林","绥芬河","哈尔滨西","哈尔滨","北京","北京南","大连北","大连","鹤岗","佳木斯","东方红","鸡西","长汀镇","温州","石家庄","日照","东京城","七台河","八面通","林口","斗沟子"],"南宁东":["广州南","成都东","重庆西","贵阳北","珠海","广州","大理","桂林","桂林北","贺州","北海","防城港北","百色","玉林","三江南","全州南","香港西九龙","北京西","石家庄","武汉","长沙南","上海虹桥","南京南","济南东","宁波","西安北","深圳北"],"广州南":["南宁东","贵阳北","上海虹桥","成都东","重庆西","万州北","柳州","桂林北","东安东","三江南","梧州南","北海","防城港北","百色","大理","昆明南","珠海","湛江西","茂名","北京西","郑州东","兰州西","青岛","信阳东","南昌西","合肥南","西安北","武汉","南京南","宜昌东","汉口","黄冈东","上饶","杭州东","福州","蚌埠南","烟台","岳阳东","长沙南","怀化南","邵阳","深圳北","福田","潮汕","汕头","梅州西","香港西九龙","阳江"],"贵阳北":["广州南","西安北","广州","北海","梧州南","南宁东","重庆西","遵义","北京西","太原南","上海虹桥","杭州东","南京南","武汉","徐州东","厦门北","长沙南","温州南","宁海","宁波","深圳北","昆明南","铜仁","安顺西","凯里南","铜仁南","成都东","峨眉山","开阳","广元"],"郑州":["福州","乌鲁木齐","宁波","邓州","上海虹桥","北京西","西安北","新郑机场","焦作","日照","上海","西宁","海口","大连","厦门北","海拉尔","温州","重庆西","烟台","南宁","青岛北","安阳","濮阳","新乡","商丘","深圳东","广州"],"福州":["郑州","重庆北","成都东","深圳北","上海虹桥","温州南","汉口","武汉","厦门","厦门北","诏安","福鼎","龙岩","长汀南","南昌","南昌西","九江","三明北","赣州","上饶","乌鲁木齐","北京南","济南西","西安北","广州南","长沙南","杭州东","南京南","昆明南","兰州西","郑州东","南宁东","香港西九龙","武夷山东","洛阳","北京","青岛","成都","贵阳","南京","重庆西","呼和浩特东"],"西安北":["上海","贵阳北","成都东","重庆北","重庆西","太原南","怀仁东","运城北","兰州西","嘉峪关南","西宁","延安","宝鸡南","华山北","宁强南","汉中","北京西","广州南","上海虹桥","深圳北","武汉","福州","温州南","大连北","天津西","荣成","青岛北","合肥南","金华南","义乌","郑州东","威海","杭州东","昆明南","南宁东","大荔"],"上海":["西安北","兰州西","北京","北京南","深圳北","成都东","重庆北","兰州","大连","伊宁","青岛北","南京","南京南","安庆","无锡","苏州","常州","芜湖","合肥","六安","合肥南","淮南东","蚌埠南","徐州东","淮北","黄山北","杭州","阜新南","郑州","日照","沈阳北","石家庄","成都","银川","太原","西宁","平顶山","吉林","延安","洛阳","萍乡","保定","石家庄北","漯河","安阳","周口","南宁","连云港东","阜阳","亳州","徐州","乌鲁木齐","西安","广州东","拉萨","哈尔滨西","呼和浩特","香港红磡"],"兰州西":["上海","重庆北","太原南","西安北","乌鲁木齐","嘉峪关南","陇南","姚渡","天水南","东岔","北京西","南昌西","广州南","武汉","长沙南","天津西","济南西","青岛北","杭州东","福州","上海虹桥","郑州东","兰州","中川机场","呼和浩特","南宁","东莞东","成都","天津","长征"],"青岛北":["北京","石家庄","太原南","盐城北","岚山西","日照西","济南西","平度","北京南","上海虹桥","哈尔滨西","齐齐哈尔南","长春西","兰州西","西安北","郑州东","运城北","济南东","威海","荣成","烟台","菏泽","南昌","太原","白城","通化","兰州","温州","图们","襄阳","银川","郑州","曹县","烟台南"],"成都东":["上海虹桥","汉口","武汉","兰州","西宁","上海","北海","南宁东","广州南","桂林北","珠海","广州","太原南","西安北","杭州东","南昌","福州","宜兴","南京南","南充北","丰都","重庆西","阆中","苍溪","营山","武胜","南充","遂宁","广安南","达州","武昌","北京西","秦皇岛","福州南","苍南","烟台","长沙南","郑州东","厦门北","昆明南","重庆北","沙坪坝","资中北","隆昌北","贵阳北","安顺西","万州北","江油","德阳","绵阳","广元","峨眉山","乐山","眉山东","宜宾西","深圳","长沙","杭州","湛江","深圳东","温州","巴中","内江北"],"上海虹桥":["成都东","深圳北","莆田","北京南","广州南","珠海","重庆北","襄阳东","宜昌东","襄阳","汉口","武昌","南充北","福州","福州南","龙岩","赣州","厦门北","景德镇北","石家庄","香港西九龙","天津西","青岛","济南东","西安北","郑州东","荣成","烟台","长沙南","武汉","哈尔滨西","长春西","丹东","大连北","贵阳北","重庆西","怀化南","昆明南","南昌西","南昌","九江","南宁东","厦门","武夷山东","驻马店西","大冶北","焦作","洛阳龙门","太原南","兰州西","邵阳","南京","南京南","常州","安庆","芜湖","合肥南","池州","徐州东","黄山北","平阳","温州南","苍南","瑞安","金华南","宜兴","杭州","江山","乐清","衢州","宁波","宁海","台州","千岛湖","杭州东","三门县","义乌"],"汉口":["成都东","重庆北","杭州","宁波","上海虹桥","嘉兴南","上海南","南通","福州","厦门北","梅州西","杭州东","襄阳","十堰","宜昌东","恩施","利川","荆州","广州东","哈尔滨","荆门","北京西","温州南","广州南","孝感东","威海","大同","连云港东","乌鲁木齐","襄阳东","麻城北"],"武汉":["成都东","千岛湖","重庆北","南昌","南昌西","福州","景德镇北","厦门北","襄阳东","十堰","宜昌东","利川","阳新","大冶北","深圳北","青岛","天津西","南宁东","北京西","宁波","奉化","上海虹桥","太原南","兰州西","西安北","广州南","沈阳南","哈尔滨西","贵阳北","昆明南","温州南","威海","大连北","黄冈东"],"深圳北":["上海虹桥","福州南","厦门","漳州","莆田","厦门北","北京西","上海","南京","南京南","福鼎","上饶","泉州","南昌西","泰宁","福州","武夷山东","龙岩","赣州","杭州东","梅州西","潮汕","汕头","饶平","郑州东","武汉","济南西","石家庄","漯河西","九江","西安北","宜昌东","重庆北","合肥南","桂林北","柳州","南宁东","昆明南","贵阳北","香港西九龙","长沙南","岳阳东","衡阳东","永州","湛江西","怀化南","邵阳","广州南","广州北","惠州南","深圳坪山","汕尾"],"福州南":["上海虹桥","深圳北","杭州东","南京南","福州南","长汀南","武夷山东","武汉","上饶"],"宜昌东":["重庆北","杭州东","上海虹桥","南京南","南昌西","武昌","武汉","大冶北","汉口","恩施","北京西","深圳北","广州南","西安"],"重庆北":["宜昌东","汉口","宁波","兰州","上海","西安北","上海虹桥","福州","厦门北","杭州东","南通","南京南","武汉","厦门","上海南","阆中","广元","成都东","遂宁","营山","合川","潼南","石柱县","丰都","长寿北","重庆西","南充北","青岛","深圳北","永川东","德阳","万州北","秀山","汕头","北京西"],"宁波":["重庆北","宜昌东","厦门","厦门北","南昌西","武夷山东","济南","郑州","天津西","北京南","武汉","沈阳北","长沙南","郑州东","南宁东","南昌","贵阳北","上海虹桥","南京南","南京","徐州东","合肥南","洛阳","广州","长春","成都","南宁","贵阳","兰州","平顶山","亳州","武昌","昆明"],"厦门":["深圳北","重庆北","广州东","梅州西","杭州东","福州","武夷山东","厦门","福鼎","诏安","龙岩","南昌","南昌西","赣州","青岛","长沙南","上海虹桥","南京南","昆明南","香港西九龙","泰宁"],"漳州":["深圳北","南昌西"],"厦门北":["深圳北","重庆北","上海虹桥","湖州","宁波","南京南","汉口","武汉","龙岩","赣州","北京南","合肥南","徐州东","贵阳北","长沙南","昆明南","郑州东","成都东","杭州东","南昌西","昆明","西安","广州东","重庆西","北京西","郑州","太原","贵阳","上海南","长春","兰州"],"北京南":["上海虹桥","上海","南京","保定","杭州东","合肥南","福州","千岛湖","南昌西","江山","宁波","台州","嘉兴南","安庆","苍南","绍兴北","温州南","青岛北","青岛","淮北","南京南","徐州东","沈阳北","沈阳南","吉林","六安","黄山北","福州南","厦门北","济南西","大连北","哈尔滨西","牡丹江","丹东","长春西","威海","烟台","荣成","盐城北","商丘","天津西","唐山","秦皇岛","德州东","廊坊","沧州西","天津","滨海"],"杭州":["北京","宜昌东","开化","兰州","兰溪","青岛","郑州东","上海","齐齐哈尔","成都东","乌鲁木齐","西安","包头","大同","石家庄","贵阳","银川","新乡","连云港东","武昌","哈尔滨西"],"南京":["北京南","深圳北","赣州","龙岩","启东","南通","扬州","盐城","上海","上海虹桥","衢州","昆明","福州","广州","南宁","如东","哈尔滨西","乌鲁木齐"],"北京西":["深圳北","湛江西","珠海","昆明南","运城北","临汾西","成都","重庆西","西安","宜昌东","南昌","西宁","南宁","西安北","广州南","福田","香港西九龙","长沙南","成都东","太原南","重庆北","贵阳北","南宁东","兰州西","南昌西","汉口","武汉","北海","邵阳","郑州东","黄冈东","永济北","宝鸡南","原平西","商丘","石家庄","邯郸东","大兴机场","香港红磡","乔庄东","通州","衡水","乌海西","郑州","大涧","呼和浩特","深圳","攀枝花","湛江","汉中","怀化","洛阳","周口","贵阳","厦门北","东胜西","玉溪","安庆","黄山","包头","长治北","赣州","邯郸","长沙","拉萨","广州","武昌","昆明","兰州","乌鲁木齐","广州东","井冈山","三亚","银川","阜阳"],"湛江西":["北京西","珠海","佛山西","广州南","肇庆东","汕头","深圳北","长沙南"],"珠海":["北京西","上海虹桥","成都东","桂林北","南宁东","昆明南","湛江西","广州南","佛山西","郑州东","怀化南","梅州西"],"昆明南":["北京西","广州南","珠海","桂林北","南宁东","北海","昆明","楚雄","玉溪","大理","丽江","香港西九龙","济南东","上海虹桥","南京南","杭州东","南昌西","武汉","郑州东","厦门","福州","厦门北","长沙南","西安北","成都东","重庆西","深圳北","贵阳北","普者黑","弥勒"],"石家庄":["济南西","青岛北","威海","荣成","烟台","秦皇岛","衡水北","上海虹桥","南宁东","深圳北","佳木斯","沈阳","盐城北","天津西","北京西","邢台东","上海","牡丹江","杭州","通辽","北京","承德","邯郸","广州"],"济南西":["石家庄","运城北","青岛","烟台","青岛北","南昌西","深圳北","北京南","福州","大连北","重庆西","兰州西","盐城北","岚山西","日照西"],"威海":["石家庄","盐城北","平原东","北京南","西安北","郑州东","运城北","武汉","沈阳北","济南东","青岛北","菏泽","北京","汉口","济南"],"荣成":["石家庄","济南","济南西","烟台","上海虹桥","北京南","西安北","枣庄","青岛","青岛北"],"烟台":["石家庄","济南东","龙口市","荣成","岚山西","上海虹桥","北京南","长沙南","广州南","成都东","曲阜东","青岛","青岛北","菏泽","北京","昆明","宝鸡","广州","太原","佳木斯","郑州"],"太原南":["青岛北","成都东","重庆西","西安北","宝鸡南","兰州西","西宁","怀仁东","临汾西","运城北","永济北","闻喜西","北京西","郑州东","武汉","贵阳北","杭州东","上海虹桥","沈阳北","秦皇岛","天津西"],"运城北":["青岛","济南西","北京西","西安北","原平西","太原南","嘉兴南","威海","青岛北"],"青岛":["运城北","济南","平原东","济南西","济南东","大明湖","潍坊","龙口市","深圳","平度","天津西","北京南","上海虹桥","上海","厦门","合肥南","杭州","武汉","广州南","长沙南","重庆北","徐州东","重庆西","郑州东","曲阜东","荣成","烟台","福州","成都","包头","西安","南宁","枣庄西","广州东","西宁","威海","菏泽"],"盐城北":["青岛北","威海","北京南","石家庄","济南西"],"北海":["成都东","重庆西","贵阳北","广州南","昆明南","大理","南宁东","百色","桂林北","桂林","柳州","梧州南","三江南","防城港北","北京西"],"重庆西":["柳州","北海","广州南","太原南","西安北","成都东","重庆北","万州北","贵阳北","遵义","北京西","昆山","香港西九龙","沈阳北","上海虹桥","天津西","南昌西","济南西","青岛","南京南","长沙南","徐州东","郑州东","昆明南","内江北","永川东","济南","广州","厦门北","福州","深圳西","合肥","郑州","吉林","南充","拉萨"],"柳州":["重庆西","广州南","昆明南","大理","北海","百色","南宁东","防城港北","武汉","深圳北"],"桂林北":["成都东","珠海","广州南","广州","昆明南","丽江","大理","南宁东","北海","防城港北","百色","玉林","郑州东","长沙南","深圳北"],"广州":["广元","成都东","贵阳北","桂林北","南宁东","长春","泰州","上海南","济南","天津","大连","张家界","肇庆","深圳","西安","景德镇北","成都","宁波","兰州","徐州","温州","重庆西","昆明","南京","包头","十堰","洛阳","汉中","达州","周口","武昌","烟台","银川","茂名","信宜","北京西","石家庄","乌鲁木齐","郑州","拉萨","岳阳"],"广元":["广州","重庆北","成都东","苍溪","贵阳北","宝鸡","兰州","眉山东"],"万州北":["广州南","重庆西","成都东","重庆北"],"临汾西":["北京西","太原南"],"衢州":["南昌","上海虹桥","合肥南","常州"],"南昌":["衢州","成都东","武汉","宜昌东","景德镇北","婺源","南昌","九江","福州","龙岩","厦门","漳州","北京","北京西","广州东","赣州","上海虹桥","南京南","上饶","上海南","青岛北","连云港东","宁波","包头","苏州","井冈山","鹰潭","玉山","景德镇","萍乡","抚州"],"千岛湖":["武汉","北京南","南京南","合肥南","上海虹桥"],"杭州东":["汉口","成都东","重庆北","深圳北","龙岩","福州南","厦门北","厦门","黄山北","北京南","武汉","贵阳北","昆明南","广州南","南昌西","福州","太原南","兰州西","西安北","郑州东","苍南","江山","温州南","上海虹桥","金寨","南京南","合肥南","淮南东"],"嘉兴南":["重庆北","北京南","玉溪","运城北"],"宜兴":["成都东","上海虹桥"],"南通":["重庆北","汉口","启东","南京","西安","昆明","济南","吉林","徐州","北京"],"南京南":["重庆北","深圳北","成都东","宜昌东","襄阳","福州南","厦门北","龙岩","合肥南","安庆","铜陵","芜湖","北京南","长沙南","广州南","昆明南","贵阳北","南昌西","南昌","南宁东","三明","福州","重庆西","上海","上海虹桥","黄山北","滁州","温州南","千岛湖","台州","宁波","杭州东","平阳","丽水"],"泰宁":["深圳北","厦门"],"福鼎":["深圳北","龙岩","福州","厦门","赣州"],"泉州":["深圳北"],"南昌西":["深圳北","武汉","宁波","景德镇北","九江","厦门","南丰","福州","北京南","济南西","北京西","广州南","兰州西","上海虹桥","杭州东","南京南","昆明南","合肥南","徐州东","重庆西","郑州东","温州南","长沙南","厦门北","抚州"],"上饶":["深圳北","广州南","南昌","广州东","景德镇北","福州"],"龙岩":["深圳北","上海虹桥","南京","杭州东","南京南","福鼎","福州","厦门","厦门北","南昌","蚌埠南"],"武夷山东":["深圳北","宁波","厦门","福州","上海虹桥","宁德","福州南"],"赣州":["深圳北","南京","上海虹桥","景德镇北","福州","厦门","福鼎","厦门北","瑞金","南昌","无锡","北京西"],"广州东":["厦门","梅州西","汕头","饶平","潮汕","汉口","南昌","合肥","梅州","南雄","大埔","深圳","厦门北","徐州","大同","鹰潭","襄阳","沈阳北","北京西","青岛","哈尔滨西","河源","上海"],"梅州西":["厦门","宜昌东","潮汕","深圳北","汕头","广州东","珠海","广州南"],"怀仁东":["西安北","运城北","洪洞西","太原南"],"宝鸡南":["太原南","延安","西安北","北京西"],"西宁":["太原南","西安北","门源","北京西","合肥","格尔木","郑州","上海","银川","成都","沈阳北","重庆","德令哈","青岛","呼和浩特","东莞东","拉萨","马海"],"嘉峪关南":["西安北","兰州西","敦煌"],"张掖西":["西安北"],"玉门":["兰州西"],"敦煌":["兰州西","嘉峪关南","兰州","嘉峪关","北京","西安"],"三江南":["广州南","北海","防城港北","南宁东"],"东安东":["广州南"],"襄阳东":["上海南","武汉","汉口"],"武昌":["上海虹桥","襄阳","十堰","宜昌东","利川","深圳","成都东","咸宁南","惠州","汕头","广州","温州","湛江","荆门","上海南","宁波","北京西","杭州"],"南充北":["上海虹桥","重庆北","北京西"],"上海南":["汉口","重庆北","义乌","开化","南宁","深圳","广州","昆明","金山卫","贵阳","十堰","湛江","荆门","井冈山","南昌","成都","海口","永州","信阳","衡阳","南阳","襄阳东","九江","厦门北","怀化","武昌","长沙"],"襄阳":["南京南","黄冈东","武汉","汉口","武昌","广州东","哈尔滨西","青岛北","湛江","昆明","深圳东","宜昌东"],"莆田":["上海虹桥","深圳北"],"温州南":["福州","北京南","济南西","武汉","西安北","萍乡北","济南东","郑州东","宜昌东","贵阳北","长沙南","南昌","上海虹桥","杭州东","黄山北","合肥南","南京南","常州","安庆","徐州东","合肥"],"湖州":["厦门北"],"景德镇北":["武汉","上海虹桥","南昌","南昌西","上饶","广州","赣州"],"梧州南":["贵阳北","广州南","北海"],"防城港北":["广州南","南宁东","桂林北","柳州","北海"],"百色":["广州南","南宁东","玉林","柳州","桂林"],"大理":["广州南","衡阳东","北海","桂林北","柳州","南宁东","昆明南","昆明","弥勒","富宁","丽江"],"丽江":["桂林北","昆明南","昆明","宣威","大理"],"衡阳东":["大理","怀化南","深圳北","长沙南"],"阆中":["重庆北","南充北","成都东"],"延安":["西安北","上海","西安"],"遂宁":["重庆北","成都东"],"苍溪":["成都东","峨眉山"],"营山":["重庆北","广安南","成都东","成都"],"合川":["重庆北"],"潼南":["重庆北"],"南充":["达州","成都东","重庆西","重庆"],"武胜":["成都东"],"广安南":["成都东"],"达州":["成都东","安康","广州","惠州","成都"],"阳新":["襄阳","恩施","武汉"],"黄冈东":["襄阳东","利川","北京西","广州南","武汉"],"十堰":["武汉","汉口","武昌","上海南","广州"],"原平西":["运城北","太原南","北京西"],"永济北":["太原南","北京西"],"闻喜西":["太原南"],"洪洞西":["怀仁东"],"齐齐哈尔":["佳木斯","绥芬河","哈尔滨西","哈尔滨","北京","大连","合肥","大连北","本溪","北安","黑河","泰来","富裕","满洲里","古莲","富拉尔基","三间房","杭州","济南","东莞东","乌鲁木齐","鹤岗","讷河","加格达奇","虎林","乌伊岭","碾子山","扎兰屯"],"绥芬河":["齐齐哈尔","牡丹江","哈尔滨西","哈尔滨","大连北","大连","沈阳北"],"开化":["杭州","上海南"],"启东":["南京","南通","洛阳"],"扬州":["南京","成都","北京"],"合肥南":["六安","南京南","黄山北","安庆","北京南","青岛","广州南","深圳北","厦门北","南昌西","长沙南","西安北","上海虹桥","上海","江山","杭州东","淮北","温州南","千岛湖","丽水","宁波","平阳"],"黄山北":["杭州东","合肥南","北京南","南京南","常州北","上海虹桥","常州","上海","蚌埠南","温州南","平阳"],"安庆":["南京南","合肥南","北京南","上海","上海虹桥","衢州","温州南","北京西","合肥"],"铜陵":["南京南"],"芜湖":["南京南","上海","连云港东","合肥","阜阳"],"马鞍山东":["南京南"],"义乌":["上海南","西安北","杭州东","上海虹桥"],"恩施":["武昌","武汉","汉口","孝感东","利川","郑州东"],"利川":["武汉","黄冈东","汉口","恩施"],"大冶北":["宜昌东","武汉","上海虹桥"],"荆州":["汉口"],"孝感东":["宜昌东","咸宁南","汉口"],"济南":["青岛","烟台","荣成","威海","宁波","广州","菏泽","北京南","温州南","长春西","陵城","重庆西","齐齐哈尔","昆明","南通","长沙","深圳东","伊宁","南宁","日照","聊城","乌鲁木齐","枣庄西"],"济南东":["青岛","潍坊","龙口市","上海虹桥","昆明南","温州南","南宁东","连云港","青岛北","威海"],"潍坊":["济南西","青岛","北京南"],"大明湖":["青岛"],"龙口市":["济南","威海","青岛"],"平原东":["烟台","荣成"],"石柱县":["重庆北"],"丰都":["重庆北"],"长寿北":["重庆北"],"诏安":["福州","厦门"],"婺源":["南昌"],"九江":["南昌","南昌西","福州","厦门","深圳北","杭州东","长沙南","常州北","麻城","深圳","深圳东","上海南","昆明","南宁","温州","定南"],"长汀南":["福州","福州南"],"三明北":["福州","北京"],"南丰":["南昌西"],"曹妃甸东":["北京","唐山"],"曹妃甸港":["北京","唐山"],"秦皇岛":["北京","石家庄","成都东","太原南","邯郸东","天津西","北京南","邯郸","大同","太原"],"保定":["北京南","上海"],"唐山":["曹妃甸东","曹妃甸港","北京南","临汾"],"衡水北":["石家庄"],"呼和浩特东":["包头","乌兰察布","鄂尔多斯","乌兰浩特","成都","福州"],"包头":["呼和浩特东","乌兰察布","锡林浩特","鄂尔多斯","临汾","大同","大连","北京","广州","杭州","青岛","赤峰","北京西","南昌","哈尔滨西","乌海西","南宁","临河"],"乌兰察布":["包头","呼和浩特东","鄂尔多斯"],"大荔":["宝鸡南","西安北"],"华山北":["西安北"],"汉中":["西安北","宁强南","阳平关","北京西","广州","安康"],"宁强南":["西安北"],"哈尔滨":["齐齐哈尔南","齐齐哈尔","佳木斯","大庆西","绥芬河","牡丹江","汉口","大庆东","成都","邯郸","满洲里","绥化","双鸭山","鹤北","黑河","漠河","抚远","东方红","海拉尔","加格达奇","伊春","双城堡","北京"],"鄂尔多斯":["呼和浩特东","乌兰察布","呼和浩特","包头"],"咸宁南":["孝感东","武昌","汉口"],"怀化南":["衡阳东","上海虹桥","深圳北","广州南","珠海","深圳坪山","长沙南"],"佛山西":["珠海","湛江西","深圳北","肇庆"],"茂名":["佛山西","广州","信宜"],"潮汕":["梅州西","深圳北","广州东","广州南","香港西九龙"],"汕头":["梅州西","深圳北","广州东","长沙南","湛江西","香港西九龙","重庆北","武昌","长沙"],"饶平":["深圳北","广州东"],"深圳":["怀集","武昌","上海南","青岛","梅州","广州东","广州","苏州","北京西","九江","西安","成都东","洛阳","金城江","长沙","沈阳北","乌鲁木齐","河源"],"怀集":["深圳"],"石门县北":["长沙"],"长沙":["石门县北","常德","张家界","湘潭","株洲南","成都东","济南","井冈山","永州","汕头","深圳","岳阳","北京西","天津","上海南"],"常德":["长沙","深圳东"],"沈阳":["丹东","本溪","大连","大连北","长沙南","石家庄","连云港","盘锦","朝阳","牛河梁","通辽","承德","加格达奇","营口","长甸","沙岭","马三家","佳木斯","抚顺北","凌源","庄河北","山海关","赤峰","龙井","白河","吉林","五女山","西丰","阿尔山"],"丹东":["沈阳","沈阳北","大连北","大连","山海关","北京南","齐齐哈尔南","上海虹桥","延吉西","吉林","朝阳","通辽","通化","北京"],"本溪":["沈阳","通辽","齐齐哈尔","小市","南芬","安平","五女山"],"庄河北":["大连","哈尔滨西","岫岩","沈阳"],"大连":["丹东","庄河北","大连北","沈阳","齐齐哈尔","上海","鸡西","广州","锦州","吉林","沈阳北","珲春","牡丹江","加格达奇","海拉尔","黑河","满洲里","绥芬河","包头","北京","郑州","双鸭山","乌兰浩特","延吉","赤峰","通化","白河","凌源","霍林郭勒","瓦房店"],"大庆西":["哈尔滨"],"山海关":["丹东","大连","大连北","通辽","通化","赤峰"],"日照西":["青岛北"],"岚山西":["青岛北","烟台","济南西"],"南宁":["桂林","上海南","乌鲁木齐","北京西","凭祥","福州","成都","西安","宁波","兰州西","张家界","青岛","南京","九江","上海","济南","郑州","长春","靖西","湛江","博白","包头"],"桂林":["南宁东","北海","百色"],"贺州":["南宁东"],"玉林":["南宁东","百色","桂林北","柳州"],"遵义":["重庆西","贵阳北","安顺西"],"昆明":["富宁","大理","上海南","宣威","蒙自","河口北","曲靖","六盘水","攀枝花","红果","南通","南京","厦门北","广州","北京","济南","呼和浩特","哈尔滨西","昭通","烟台","湛江","深圳东","九江","乌鲁木齐","襄阳","长春","西昌","罗平","丽江","玉溪","北京西","宁波"],"富宁":["昆明南","大理"],"楚雄":["昆明南"],"玉溪":["昆明南","嘉兴南","郑州东","北京西","昆明"],"弥勒":["大理","昆明南"],"哈密":["乌鲁木齐","柳园"],"鄯善北":["乌鲁木齐"],"吐鲁番北":["乌鲁木齐"],"陇南":["兰州西","兰州"],"姚渡":["兰州"],"门源":["西宁"],"天水南":["兰州西","中川机场"],"中川机场":["天水南","兰州","兰州西"],"东岔":["兰州西"],"瑞金":["赣州"],"全州南":["南宁东"],"成都":["北京西","东莞东","彭州","离堆公园","都江堰","南宁","广州","呼和浩特东","青岛","扬州","天津","上海","上海南","沈阳北","福州","宁波","喀什","哈尔滨","深圳西","兰州","海拉尔","西宁","银川","乌鲁木齐","广元","绵阳","营山","江油","达州","拉萨"],"合肥":["北京","广州东","齐齐哈尔","亳州","上海","淮北","苍南","深圳西","东莞东","重庆西","黄山","阜阳","安庆","芜湖","西宁"],"西安":["北京西","宝鸡","太原","韩城","榆林","渭南","阎良","长武","南通","广州","长春","喀什","天津","厦门北","南宁","银川","敦煌","深圳","杭州","宜昌东","乌鲁木齐","青岛","贵阳","深圳东","呼和浩特","乌海西","沈阳北","温州","延安","神木","安康","潼关","万源","商南","上海"],"天津":["宝鸡","广州","长沙南","北京南","滨海","蓟州北","西安","成都","洛阳","兰州西","深圳东","潞城","邯郸","石家庄北","长沙","佳木斯"],"宝鸡":["天津","西安","连云港东","广元","平凉","元龙","重庆","烟台","榆林","安康"],"东莞东":["成都","齐齐哈尔","兰州西","合肥","西宁"],"泰州":["广州","北京","深圳东","兰州","哈尔滨西"],"伊宁":["上海","乌鲁木齐","霍尔果斯","重庆","济南","和田"],"昆山":["重庆西","新乡"],"鸡西":["大连","牡丹江","扎兰屯","北京"],"锡林浩特":["包头","呼和浩特"],"呼和浩特":["鄂尔多斯","乌海西","兰州西","银川","二连","北京西","满洲里","昆明","西安","乌兰浩特","东胜西","临河","额济纳","锡林浩特","集宁南","上海","西宁"],"榆树":["长春"],"舒兰":["长春","吉林"],"乌海西":["呼和浩特","北京西","包头东","北京","西安","包头"],"邓州":["郑州","洛阳"],"嘉峪关":["兰州","武威","武威南","镜铁山","敦煌"],"武威":["嘉峪关","中卫","兰州西","兰州","银川"],"甘谷":["兰州"],"金昌":["兰州"],"荆门":["汉口","上海南","武昌"],"平度":["青岛","青岛北"],"菏泽":["济南","烟台","青岛北","威海","青岛","北京"],"盐城":["南京"],"兰溪":["杭州"],"亳州":["合肥","上海","温州","巢湖","宁波"],"张家界":["广州","长沙","怀化","南宁","北京","深圳东"],"梅州":["广州东","深圳"],"南雄":["广州东"],"大埔":["广州东"],"凭祥":["南宁"],"宣威":["昆明","丽江"],"喀什":["乌鲁木齐","和田","西安","成都","莎车","叶城"],"塔城":["乌鲁木齐"],"和田":["乌鲁木齐","喀什","伊宁"],"克拉玛依":["乌鲁木齐"],"诸暨":["北京南","杭州东"],"江山":["北京南","上海虹桥","合肥南","淮北"],"天津西":["宁波","青岛","上海虹桥","香港西九龙","武汉","哈尔滨西","重庆西","西安北","兰州西","太原南","邯郸东","秦皇岛","石家庄","北京南","沈阳北"],"台州":["北京南","杭州东","上海虹桥"],"福田":["北京西","香港西九龙","长沙南","永州","佛山西","广州南","广州北"],"安阳东":["深圳北","上海虹桥","成都东","商丘"],"香港西九龙":["北京西","上海虹桥","天津西","重庆西","昆明南","南宁东","福州","厦门","深圳北","福田","长沙南","潮汕","汕头","广州南","肇庆东"],"邵阳":["北京西","上海虹桥","深圳北","广州南","长沙南"],"郑州东":["广州南","桂林北","珠海","太原南","齐齐哈尔南","沈阳北","玉溪","昆明南","北京西","上海虹桥","青岛","宁波","杭州","福州","温州南","西安北","兰州西","恩施","南昌西","厦门北","青岛北","威海","成都东","重庆西","绩溪北","杭州东","安阳东","商丘","许昌东","洛阳龙门","新郑机场","宋城路","焦作","灵宝西"],"苍南":["北京南","沈阳北","成都东","上海虹桥","杭州东","南京南","合肥南","徐州东"],"绍兴北":["北京南"],"淮北":["北京南","上海","六安","合肥南","江山","黄山","芜湖","合肥"],"徐州东":["北京南","青岛","贵阳北","南昌西","厦门北","长沙南","重庆西","上海","宁波","平阳","杭州东","温州南","苍南","上海虹桥"],"六安":["北京南","上海虹桥","上海","温州南"],"长沙南":["青岛","天津","北京西","桂林北","南宁东","上海虹桥","南京南","兰州西","沈阳","长春西","宁波","九江","厦门","福州","厦门北","徐州东","合肥南","烟台","贵阳北","昆明南","重庆西","成都东","温州南","南昌西","深圳北","汕头","深圳坪山","广州南","香港西九龙","永州","湛江西","邵阳","怀化南"],"泰安":["北京南","青岛北","济南"],"焦作":["深圳北","上海虹桥","新郑机场","南阳寨","郑州","郑州东"],"漯河西":["深圳北"],"信阳东":["广州南"],"许昌东":["北京西","上海虹桥"],"洛阳龙门":["北京西","广州南","上海虹桥","郑州东","商丘"],"盘锦":["哈尔滨西","沈阳北","佳木斯","通辽","朝阳"],"大庆东":["大连北","北京"],"萍乡北":["温州南"],"三明":["南京南"],"开封北":["北京西"],"商丘":["北京西","北京南","兰州西","成都东","开封北","乌鲁木齐","西峡","郑州","安阳东","郑州东","洛阳龙门","南阳","新乡"],"常州北":["九江","黄山北"],"蚌埠南":["龙岩","广州南","上海","黄山北"],"驻马店西":["上海虹桥"],"金华南":["西安北","南京南"],"宁海":["贵阳北","上海虹桥"],"绩溪北":["郑州东"],"连云港":["沈阳","济南东","徐州"],"铜仁":["贵阳北","深圳西"],"承德南":["沈阳南","沈阳","沈阳北","大连北","哈尔滨西"],"烟台南":["珲春","青岛北"],"安顺西":["贵阳北","成都东"],"凯里南":["贵阳北"],"铜仁南":["贵阳北"],"岳阳东":["深圳北","广州南"],"深圳坪山":["长沙南","怀化南","深圳北"],"永州":["福田","深圳北","岳阳东","长沙南","上海南","长沙","深圳西"],"广州北":["深圳北"],"邯郸东":["秦皇岛","天津西","北京西","石家庄"],"肇庆东":["香港西九龙"],"邢台东":["北京西"],"曲阜东":["烟台","青岛"],"枣庄":["荣成"],"常州":["上海","黄山北","宁波","温州南"],"无锡":["上海","赣州","怀化"],"池州":["上海虹桥"],"滁州":["上海"],"苏州":["上海","台州","深圳","南昌"],"昆山南":["上海"],"淮南东":["上海","平阳","温州南","诸暨"],"平阳":["上海虹桥","黄山北","杭州东","淮南东","六安","南京南"],"瑞安":["上海虹桥"],"丽水":["上海虹桥","合肥南"],"溧阳":["上海虹桥"],"乐清":["上海虹桥"],"金寨":["江山"],"金华":["安庆","聊城","徐州"],"三门县":["上海虹桥"],"奉化":["杭州东"],"鞍山西":["沈阳"],"营口东":["大连"],"扶余北":["长春"],"东港北":["吉林"],"牛河梁":["沈阳","沈阳北","沈阳南","大连北"],"朝阳":["沈阳南","沈阳北","丹东","大连北","沈阳","盘锦"],"沙坪坝":["成都东"],"内江北":["重庆北","成都东"],"资中北":["成都东"],"隆昌北":["成都东"],"永川东":["沙坪坝","重庆北"],"峨眉山":["贵阳北","成都东","江油","广元","绵阳"],"德阳":["重庆北","成都东","宜宾西"],"德州东":["北京南"],"廊坊":["北京南"],"沧州西":["北京南"],"敦化":["珲春"],"蛟河西":["长春"],"乌兰浩特":["长春","呼和浩特东","北京","东营南","呼和浩特","大连","白城","阿尔山"],"白城":["长春西","吉林","青岛北","北京","乌兰浩特","阿尔山","长春"],"松原":["长春","长春西"],"滨海":["天津","北京南"],"大兴机场":["北京西"],"新郑机场":["宋城路","郑州","郑州东","焦作"],"宋城路":["新郑机场","郑州"],"南阳寨":["焦作"],"金山卫":["上海南"],"车墩":["上海南"],"彭州":["犀浦","安靖"],"犀浦":["彭州","离堆公园","青城山","都江堰"],"安靖":["彭州","离堆公园","青城山"],"离堆公园":["犀浦","安靖"],"都江堰":["犀浦"],"青城山":["犀浦","安靖"],"绵阳":["成都东","乐山","宜宾西","成都"],"江油":["广元","成都东","峨眉山","宜宾西","成都"],"乐山":["成都南","成都东","德阳"],"成都南":["乐山","峨眉山","宜宾西"],"眉山东":["成都东","广元"],"宜宾西":["德阳","江油","成都东","成都南"],"贵阳":["开阳","玉屏","昭通","上海南","福州","北京西","深圳东","宁波","温州","厦门北","西安","杭州","大方南","六盘水","麻尾","纳雍","宜宾","草海"],"开阳":["贵阳北"],"成都西":["邛崃","雅安"],"雅安":["成都西"],"邛崃":["成都西"],"惠州南":["深圳北"],"肇庆":["佛山西","广州"],"湘潭":["长沙","长沙西"],"长沙西":["湘潭","株洲南","长沙"],"阳江":["广州南"],"汕尾":["深圳北"],"海口东":["三亚","海口东","海口","美兰"],"三亚":["海口东","海口","三亚","美兰","北京西","长春"],"海口":["三亚","海口东","美兰","郑州","上海南","哈尔滨西"],"道滘":["小金口"],"小金口":["道滘"],"株洲南":["长沙","长沙西"],"库尔勒":["乌鲁木齐","和静","焉耆","和硕"],"蒙自":["昆明"],"河口北":["昆明"],"曲靖":["宣威","昆明"],"奎屯":["乌鲁木齐"],"乌苏":["乌鲁木齐"],"霍尔果斯":["乌鲁木齐","伊宁"],"博尔塔拉":["乌鲁木齐"],"香港红磡":["上海","北京西"],"乔庄东":["北京西"],"通州":["北京西"],"黄土店":["古北口","怀柔北"],"衡水":["北京西","石家庄北","北京"],"古北口":["黄土店"],"石家庄北":["衡水","太原南","上海","阳泉","天津"],"承德":["邯郸","沈阳","昌平北","赤峰","通州西","兴隆县","平泉","北京","石家庄"],"怀柔北":["黄土店"],"邯郸":["承德","长治北","潞城","哈尔滨","天津","北京西","秦皇岛","石家庄"],"张家口南":["北京"],"银川":["兰州","呼和浩特","长庆桥","汝箕沟","中卫","西安","上海","西宁","北京","青岛北","广州","太原","成都","杭州","大武口","武威","北京西"],"蓟州北":["天津北","天津","北京东"],"宝坻":["天津北"],"天津北":["宝坻","蓟州北"],"连云港东":["宝鸡","太原","广州","南昌","乌鲁木齐","北京","汉口","杭州","上海","徐州","芜湖"],"阜新南":["上海","通辽","北京东","锦州"],"太原":["连云港东","西安","晋城","永济","介休","宁武","蔡家崖","临汾","忻州","柳林南","石家庄北","灵丘","深圳西","上海","海门","北京","青岛北","厦门北","烟台","温州","银川","大同","吕梁","沈阳北"],"加格达奇":["大连","沈阳","塔河","北京","绥化","哈尔滨","齐齐哈尔"],"海拉尔":["大连","莫尔道嘎","阿尔山北","满归","满洲里","塔尔气","郑州","成都","北京","长春","哈尔滨西"],"日照":["郑州","枣庄西","上海","牡丹江","北京","济南"],"黑河":["大连","齐齐哈尔","哈尔滨","哈尔滨东"],"通化":["北京","白河","白山市","丹东","集安","临江","青岛北","大连","四平","山海关"],"临汾":["包头","大同","运城","韩城","风陵渡","侯马","沈阳北"],"鞍山":["北京","沈阳北","沈阳"],"朔州":["秦皇岛","大同"],"昌平北":["赤峰","承德","通辽"],"满洲里":["大连","海拉尔","齐齐哈尔","呼和浩特","锦州","北京","哈尔滨","根河"],"晋城":["太原"],"宁安":["密山"],"密山":["宁安","绥化"],"塔河":["加格达奇","伊图里河"],"北安":["齐齐哈尔","北京","哈尔滨东","哈尔滨"],"泰来":["齐齐哈尔"],"富裕":["齐齐哈尔"],"前进镇":["佳木斯"],"莫尔道嘎":["满洲里"],"鹤岗":["东京城","大连北","佳木斯","齐齐哈尔"],"阿尔山北":["海拉尔"],"满归":["海拉尔"],"营口":["沈阳","图们"],"白河":["通化","沈阳","大连"],"南芬":["辽阳"],"辽阳":["本溪"],"叶柏寿":["锦州","通辽"],"锦州":["叶柏寿","满洲里","佳木斯","沈阳","阜新南"],"小市":["本溪"],"长甸":["沈阳"],"赤峰":["叶柏寿","承德","包头","哈尔滨西","北京","大连","沈阳","山海关","昌平北"],"山河屯":["吉林"],"图们":["吉林","北京","青岛北","香坊","营口"],"集安":["通化"],"临江":["通化"],"四平":["通辽","通化"],"库伦":["通辽"],"大同":["风陵渡","朔州","包头","柴沟堡","宁武","北京","广州东","杭州","汉口","太原","运城"],"风陵渡":["临汾"],"永济":["太原"],"介休":["太原","阳泉曲"],"宁武":["太原","岢岚","大同"],"蔡家崖":["太原"],"运城":["临汾","北京","唐山","大同"],"侯马":["太原","临汾"],"忻州":["太原","河边"],"柳林南":["太原"],"洛阳":["南阳","福州","宁波","北京西","天津","深圳","上海","广州","启东"],"南阳":["洛阳","邓州","北京","上海南","商丘"],"陵城":["济南"],"枣庄西":["临沂","日照","烟台","济南"],"临沂":["枣庄西"],"金城江":["湛江","深圳"],"湛江":["金城江","上海南","北京西","成都东","昆明","深圳东","襄阳","武昌","南宁"],"秀山":["重庆北"],"内江":["重庆","昭通"],"重庆":["内江","遵义西","伊宁","宝鸡","哈尔滨西","乌鲁木齐","兰州","西宁","万州","南充","巴中"],"峨眉":["汉源"],"汉源":["峨眉"],"遵义西":["重庆"],"普雄":["攀枝花"],"攀枝花":["普雄","昆明","西昌"],"昭通":["内江","贵阳","昆明"],"玉屏":["贵阳"],"阿拉山口":["乌鲁木齐"],"麻城":["九江","淮滨"],"长治北":["邯郸","新乡","北京西"],"韩城":["临汾","西安","北京"],"六盘水":["昆明","上海南","贵阳"],"安康":["达州","西安","神木","万源","汉中","宝鸡"],"平凉":["宝鸡"],"桦南":["佳木斯"],"东方红":["牡丹江","香坊"],"五常":["哈尔滨","哈尔滨东","香坊"],"香坊":["五常","图们"],"哈尔滨东":["五常","绥化","海伦","铁力","七台河","黑河","亚布力南","龙镇","东方红","虎林","同江","宝清","北安","抚远"],"塔尔气":["海拉尔"],"古莲":["齐齐哈尔"],"绥化":["一面坡","哈尔滨东","加格达奇","哈尔滨","双城堡","密山"],"富拉尔基":["三间房","汤池","齐齐哈尔"],"三间房":["富拉尔基","齐齐哈尔"],"汤池":["富拉尔基"],"乌伊岭":["佳木斯","伊春","齐齐哈尔"],"长汀镇":["牡丹江"],"公主岭":["长春"],"德惠":["长春"],"沙岭":["沈阳"],"马三家":["沈阳"],"安平":["本溪"],"通州西":["承德"],"潞城":["邯郸","天津"],"兴隆县":["承德"],"平泉":["承德"],"大涧":["北京西"],"包头东":["乌海西","白云鄂博","包头东"],"白云鄂博":["包头东"],"二连":["呼和浩特"],"新乡":["长治北","昆山","郑州","安阳"],"伊春":["乌伊岭","大连北","哈尔滨"],"榆林":["西安","宝鸡"],"淄博":["泰山"],"泰山":["淄博"],"怀化":["澧县","塘豹","梅江","新晃","北京西","无锡","上海南","深圳西"],"澧县":["张家界"],"塘豹":["怀化"],"梅江":["怀化"],"益阳":["怀化","深圳西"],"新晃":["益阳"],"红果":["昆明"],"陇西":["兰州","张家川"],"张家川":["陇西"],"武威南":["兰州","嘉峪关"],"干塘":["兰州"],"长庆桥":["银川","兰州"],"白银西":["长征"],"长征":["白银西","兰州西"],"中卫":["武威","银川"],"绿化":["镜铁山"],"镜铁山":["绿化","嘉峪关"],"汝箕沟":["银川"],"柳园":["哈密"],"兰州新区":["兰州"],"格尔木":["西宁"],"美兰":["海口","海口东"],"轩岗":["原平"],"原平":["轩岗"],"榆次":["沁县"],"沁县":["榆次"],"柴沟堡":["大同"],"固始":["信阳"],"信阳":["固始","上海南","深圳东"],"淮滨":["麻城"],"渭南":["西安"],"阎良":["西安"],"阳平关":["汉中"],"长武":["西安"],"阳泉曲":["介休"],"灵丘":["太原"],"岢岚":["宁武"],"河边":["忻州"],"深圳东":["泰州","信阳","贵阳","九江","成都东","昆明","湛江","济南","西安","天津","襄阳","岳阳","张家界","常德","衡阳","郑州","包头"],"抚顺北":["北京","沈阳","沈阳北"],"温州":["北京","兰州","广州","沈阳北","牡丹江","贵阳","青岛北","郑州","成都东","太原","武昌","九江","西安","阜阳"],"深圳西":["兰州","太原","合肥","成都","重庆西","怀化","铜仁","益阳","娄底","衡阳","永州"],"阜阳":["北京西","上海","合肥","宁波","芜湖"],"井冈山":["上海南","长沙","南昌","北京西"],"周口":["北京西","广州","上海"],"惠州":["武昌","达州"],"平顶山":["上海","宁波","信阳"],"海门":["太原"],"东胜西":["北京西","呼和浩特"],"徐州":["广州东","金华","江山","连云港东","南通","连云港"],"衡阳":["上海南","深圳西","深圳东"],"萍乡":["上海","南昌"],"北京东":["阜新南","蓟州北"],"双鸭山":["大连","佳木斯","哈尔滨东"],"漯河":["上海"],"安阳":["上海","杭州","郑州","商丘"],"黄山":["北京西","合肥"],"聊城":["金华","济南"],"东营南":["乌兰浩特","北京"],"西昌":["昆明","攀枝花"],"宝清":["佳木斯","哈尔滨东"],"海伦":["哈尔滨东","绥化"],"铁力":["绥化","哈尔滨东"],"扎兰屯":["北安","鸡西"],"抚远":["佳木斯","哈尔滨","哈尔滨东"],"东京城":["牡丹江"],"清河城":["北京"],"阳泉":["石家庄北"],"罗平":["昆明"],"大武口":["银川"],"德令哈":["西宁"],"鹤北":["哈尔滨东","佳木斯"],"七台河":["哈尔滨东","牡丹江","佳木斯"],"伊图里河":["加格达奇"],"漠河":["哈尔滨"],"亚布力南":["香坊"],"龙镇":["哈尔滨"],"嫩江":["佳木斯"],"一面坡":["北安"],"同江":["佳木斯","哈尔滨东"],"八面通":["牡丹江"],"讷河":["齐齐哈尔"],"虎林":["哈尔滨东","齐齐哈尔"],"林口":["牡丹江"],"根河":["海拉尔"],"双城堡":["绥化","哈尔滨东"],"神树":["哈尔滨东"],"碾子山":["齐齐哈尔"],"斗沟子":["牡丹江"],"凌源":["沈阳","大连"],"延吉":["大连"],"岫岩":["庄河北"],"龙井":["沈阳"],"白山市":["吉林"],"五女山":["本溪","沈阳"],"九台":["长春"],"霍林郭勒":["大连","通辽"],"西丰":["沈阳"],"阿尔山":["沈阳","乌兰浩特","白城"],"梅河口":["长春"],"辽源":["长春","北京"],"瓦房店":["大连"],"唐山南":["古冶"],"古冶":["唐山南"],"沙河市":["北京"],"德州":["北京"],"燕郊":["北京东"],"吕梁":["太原"],"临河":["呼和浩特","深圳东"],"额济纳":["呼和浩特"],"集宁南":["呼和浩特"],"濮阳":["郑州"],"潼关":["西安"],"神木":["西安","安康"],"万源":["西安"],"商南":["西安"],"曹县":["青岛"],"如东":["南京"],"巢湖":["亳州"],"鹰潭":["萍乡","上饶"],"玉山":["南昌"],"景德镇":["南昌"],"定南":["九江"],"岳阳":["深圳东","长沙","广州","衡阳"],"信宜":["广州","茂名"],"娄底":["深圳西"],"靖西":["南宁"],"博白":["南宁"],"万州":["重庆"],"大方南":["贵阳"],"麻尾":["贵阳"],"纳雍":["贵阳"],"巴中":["重庆","成都"],"宜宾":["贵阳"],"草海":["贵阳"],"阿克苏":["乌鲁木齐"],"达坂城":["乌鲁木齐南"],"乌鲁木齐南":["达坂城"],"阿勒泰":["乌鲁木齐"],"四棵树":["乌鲁木齐"],"和静":["库尔勒"],"准东":["乌鲁木齐"],"拉萨":["北京西","上海","重庆西","广州","西宁","日喀则","成都","兰州"],"镇赉":["长春"],"张掖":["兰州"],"河源":["广州东","深圳"],"日喀则":["拉萨"],"麻城北":["武昌"],"普者黑":["昆明南"],"吐哈":["乌鲁木齐"],"灵宝西":["商丘"],"西峡":["商丘"],"郴州":["岳阳"],"焉耆":["库尔勒"],"和硕":["库尔勒"],"莎车":["喀什"],"石河子":["乌鲁木齐"],"叶城":["喀什"],"抚州":["南昌","南昌西"],"宁德":["武夷山东"]}