{
  "1": [
    "北京",
    "上海",
    "广州",
    "深圳",
    "成都",
    "杭州",
    "重庆",
    "武汉",
    "西安",
    "苏州",
    "天津",
    "南京",
    "长沙",
    "郑州",
    "东莞",
    "青岛",
    "沈阳",
    "宁波",
    "昆明"
  ],
  "2": [
    "无锡",
    "佛山",
    "合肥",
    "大连",
    "福州",
    "厦门",
    "哈尔滨",
    "济南",
    "温州",
    "南宁",
    "长春",
    "泉州",
    "石家庄",
    "贵阳",
    "南昌",
    "金华",
    "常州",
    "南通",
    "嘉兴",
    "太原",
    "徐州",
    "惠州",
    "珠海",
    "中山",
    "台州",
    "烟台",
    "兰州",
    "绍兴",
    "海口",
    "扬州"
  ],
  "3": [
    "汕头",
    "湖州",
    "盐城",
    "潍坊",
    "保定",
    "镇江",
    "洛阳",
    "泰州",
    "乌鲁木齐",
    "临沂",
    "唐山",
    "漳州",
    "赣州",
    "廊坊",
    "呼和浩特",
    "芜湖",
    "桂林",
    "银川",
    "揭阳",
    "三亚",
    "遵义",
    "江门",
    "济宁",
    "莆田",
    "湛江",
    "绵阳",
    "淮安",
    "连云港",
    "淄博",
    "宜昌",
    "邯郸",
    "上饶",
    "柳州",
    "舟山",
    "咸阳",
    "九江",
    "衡阳",
    "威海",
    "宁德",
    "阜阳",
    "株洲",
    "丽水",
    "南阳",
    "襄阳",
    "大庆",
    "沧州",
    "信阳",
    "岳阳",
    "商丘",
    "肇庆",
    "清远",
    "滁州",
    "龙岩",
    "荆州",
    "蚌埠",
    "新乡",
    "鞍山",
    "湘潭",
    "马鞍山",
    "三明",
    "潮州",
    "梅州",
    "秦皇岛",
    "南平",
    "吉林",
    "安庆",
    "泰安",
    "宿迁",
    "包头",
    "郴州"
  ],
  "4": [
    "韶关",
    "常德",
    "六安",
    "汕尾",
    "西宁",
    "茂名",
    "驻马店",
    "邢台",
    "南充",
    "宜春",
    "大理",
    "丽江",
    "延边朝鲜族自治州",
    "衢州",
    "黔东南苗族侗族自治州",
    "景德镇",
    "开封",
    "红河哈尼族彝族自治州",
    "北海",
    "黄冈",
    "东营",
    "怀化",
    "阳江",
    "菏泽",
    "黔南布依族苗族自治州",
    "宿州",
    "日照",
    "黄石",
    "周口",
    "晋中",
    "许昌",
    "拉萨",
    "锦州",
    "佳木斯",
    "淮南",
    "抚州",
    "营口",
    "曲靖",
    "齐齐哈尔",
    "牡丹江",
    "河源",
    "德阳",
    "邵阳",
    "孝感",
    "焦作",
    "益阳",
    "张家口",
    "运城",
    "大同",
    "德州",
    "玉林",
    "榆林",
    "平顶山",
    "盘锦",
    "渭南",
    "安阳",
    "铜仁",
    "宣城",
    "永州",
    "黄山",
    "西双版纳傣族自治州",
    "十堰",
    "宜宾",
    "丹东",
    "乐山",
    "吉安",
    "宝鸡",
    "鄂尔多斯",
    "铜陵",
    "娄底",
    "六盘水",
    "承德",
    "保山",
    "毕节",
    "泸州",
    "恩施土家族苗族自治州",
    "安顺",
    "枣庄",
    "聊城",
    "百色",
    "临汾",
    "梧州",
    "亳州",
    "德宏傣族景颇族自治州",
    "鹰潭",
    "滨州",
    "绥化",
    "眉山",
    "赤峰",
    "咸宁"
  ],
  "5": [
    "防城港",
    "玉溪",
    "呼伦贝尔",
    "普洱",
    "葫芦岛",
    "楚雄彝族自治州",
    "衡水",
    "抚顺",
    "钦州",
    "四平",
    "汉中",
    "黔西南布依族苗族自治州",
    "内江",
    "湘西土家族苗族自治州",
    "漯河",
    "新余",
    "延安",
    "长治",
    "文山壮族苗族自治州",
    "云浮",
    "贵港",
    "昭通",
    "河池",
    "达州",
    "淮北",
    "濮阳",
    "通化",
    "松原",
    "通辽",
    "广元",
    "鄂州",
    "凉山彝族自治州",
    "张家界",
    "荆门",
    "来宾",
    "忻州",
    "克拉玛依",
    "遂宁",
    "朝阳",
    "崇左",
    "辽阳",
    "广安",
    "萍乡",
    "阜新",
    "吕梁",
    "池州",
    "贺州",
    "本溪",
    "铁岭",
    "自贡",
    "锡林郭勒盟",
    "白城",
    "白山",
    "雅安",
    "酒泉",
    "天水",
    "晋城",
    "巴彦淖尔",
    "随州",
    "兴安盟",
    "临沧",
    "鸡西",
    "迪庆藏族自治州",
    "攀枝花",
    "阿坝藏族羌族自治州",
    "鹤壁",
    "黑河",
    "双鸭山",
    "三门峡",
    "安康",
    "乌兰察布",
    "庆阳",
    "伊犁哈萨克自治州",
    "儋州",
    "哈密",
    "海西蒙古族藏族自治州",
    "甘孜藏族自治州",
    "伊春",
    "陇南",
    "乌海",
    "林芝",
    "怒江傈僳族自治州",
    "朔州",
    "阳泉",
    "嘉峪关",
    "鹤岗",
    "张掖",
    "辽源",
    "吴忠",
    "昌吉回族自治州",
    "大兴安岭地区",
    "巴音郭楞蒙古自治州",
    "日喀则",
    "阿拉善盟",
    "巴中",
    "平凉",
    "阿克苏地区",
    "定西",
    "商洛",
    "金昌",
    "七台河",
    "石嘴山",
    "白银",
    "铜川",
    "武威",
    "吐鲁番",
    "固原",
    "山南",
    "临夏回族自治州",
    "海东",
    "喀什地区",
    "甘南藏族自治州",
    "昌都",
    "中卫",
    "资阳",
    "阿勒泰地区",
    "塔城地区",
    "博尔塔拉蒙古自治州",
    "海南藏族自治州",
    "克孜勒苏柯尔克孜自治州",
    "阿里地区",
    "和田地区",
    "玉树藏族自治州",
    "那曲",
    "黄南藏族自治州",
    "海北藏族自治州",
    "果洛藏族自治州",
    "三沙"
  ]
}
